time_steps,units,learning_rate,batch_size,epochs_completed,best_training_loss,best_validation_loss
10,128,0.0005,32,74,0.0006118163000792265,0.0006028722273185849
30,128,0.0005,32,75,0.0005904595600441098,0.0005493988865055144
60,128,0.0005,32,53,0.000799681874923408,0.0007426544325426221
10,32,0.0005,32,34,0.0013794989790767431,0.00183029321487993
10,64,0.0005,32,68,0.0007927496917545795,0.0009071874665096402
10,128,0.0005,32,74,0.0006118163000792265,0.0006028722273185849
10,256,0.0005,32,57,0.0006013737875036895,0.0006019186112098396
10,128,0.001,32,55,0.0007708669290877879,0.0006504415068775415
10,128,0.0005,32,74,0.0006118163000792265,0.0006028722273185849
10,128,0.0001,32,100,0.0007999935769475996,0.0010543731041252613
10,128,0.0005,16,44,0.0009129453683272004,0.0008930663461796939
10,128,0.0005,32,74,0.0006118163000792265,0.0006028722273185849
10,128,0.0005,64,14,0.0028228096198290586,0.005060313735157251
10,128,0.0005,128,56,0.0015035741962492466,0.0015298689249902964
