Actual_Open,Predicted_Open,Actual_High,Predicted_High,Actual_Low,Predicted_Low,Actual_Close,Predicted_Close
1981.85302734375,2011.952,1994.8914794921875,2058.221,1937.2115478515625,1992.2302,1964.8475341796875,2022.4537
1964.9404296875,2021.3356,2005.0411376953125,2065.9243,1964.27099609375,1999.9707,1980.037841796875,2032.1588
1979.983642578125,2010.8118,2019.889404296875,2053.0845,1977.709350585937,1988.7275,2005.2991943359373,2021.6613
2005.7183837890627,2048.8643,2101.9833984375,2089.8813,1978.7637939453125,2027.0579,2077.47900390625,2058.8376
2078.568115234375,2140.2114,2096.518310546875,2180.531,2038.64453125,2118.25,2067.76416015625,2147.7302
2067.5087890625,2162.4202,2078.369140625,2200.261,1982.412353515625,2138.909,2009.1893310546875,2168.2085
2008.9405517578125,2119.6328,2037.3961181640625,2156.6174,1987.7177734375,2094.3545,2002.357421875,2126.1516
2002.4105224609373,2094.3918,2015.454345703125,2132.1985,1863.0106201171875,2068.7434,1895.5029296875,2101.743
1895.5496826171875,2001.8384,1911.90087890625,2042.057,1799.2008056640625,1976.2335,1827.3203125,2011.4745
1827.3110351562502,1910.4402,1847.570556640625,1954.1842,1769.4127197265625,1886.1188,1806.2186279296875,1923.2035
1806.3165283203125,1869.6869,1852.5513916015625,1917.2609,1778.6922607421875,1849.0923,1823.47998046875,1883.9203
1823.5623779296875,1853.3932,1926.302978515625,1904.3307,1820.3503417968748,1836.5085,1905.491455078125,1867.6713
1905.484619140625,1900.6876,1951.1802978515625,1954.9755,1782.76025390625,1888.0193,1795.313232421875,1913.398
1794.97607421875,1859.45,1844.071044921875,1913.6329,1751.380859375,1847.4551,1815.6372070312498,1870.5292
1815.6098632812502,1851.3358,1833.956787109375,1905.7014,1760.5886230468748,1840.6752,1815.335205078125,1860.6371
1815.344970703125,1856.562,1826.298583984375,1910.6814,1767.5135498046875,1847.4451,1805.9732666015625,1863.505
1805.9630126953125,1859.8253,1815.5748291015625,1911.8617,1539.43798828125,1852.7773,1576.72802734375,1865.1265
1576.9498291015625,1751.5853,1634.0411376953125,1800.2216,1415.3735351562498,1743.7783,1555.2409667968748,1756.4768
1554.93212890625,1604.4233,1617.33984375,1655.094,1447.610107421875,1594.3259,1472.5531005859375,1609.5216
1472.6014404296875,1541.1332,1687.18798828125,1595.8201,1386.79931640625,1534.2397,1668.0400390625,1544.8848
1668.2017822265625,1601.9719,1669.3941650390625,1662.4343,1474.9141845703125,1599.2913,1522.518798828125,1601.0214
1522.4730224609375,1649.0486,1587.53857421875,1709.6979,1505.001953125,1649.283,1567.1497802734375,1643.7031
1567.1557617187498,1680.1653,1666.017578125,1736.9159,1546.819580078125,1682.6753,1643.528564453125,1671.0006
1643.5010986328125,1721.4338,1648.2867431640625,1773.9222,1564.8388671875,1725.604,1596.685791015625,1710.6707
1596.8818359375,1717.8689,1689.8575439453125,1764.8604,1596.0865478515625,1722.285,1622.7698974609375,1706.4753
1622.7718505859377,1702.0038,1659.836181640625,1745.3438,1585.2291259765625,1706.0837,1588.6324462890627,1691.3379
1589.031005859375,1661.4723,1610.7821044921875,1702.023,1540.0338134765625,1666.1039,1578.1053466796875,1651.6813
1578.01416015625,1640.1649,1615.3068847656252,1680.9995,1564.1956787109375,1645.199,1582.54833984375,1633.358
1582.397216796875,1633.7919,1599.4168701171875,1676.1814,1573.9039306640625,1638.3046,1588.9246826171875,1631.9879
1588.9697265625,1636.167,1629.051513671875,1679.0043,1585.4730224609375,1642.1044,1612.9228515625,1636.5736
1612.966064453125,1649.6356,1618.436767578125,1692.7505,1566.6915283203125,1655.5591,1587.5142822265625,1653.3618
1587.4609374999998,1685.1455,1656.11962890625,1728.0869,1566.1474609375,1691.8722,1579.7344970703125,1690.0565
1579.815185546875,1689.2686,1773.63916015625,1731.1708,1542.0003662109375,1694.9536,1757.3316650390625,1694.4923
1757.196533203125,1756.1494,1829.7099609374998,1799.4985,1746.924072265625,1760.646,1796.1042480468748,1759.7825
1795.9794921875,1805.4614,1801.69140625,1849.7198,1724.74072265625,1807.3185,1769.8316650390625,1806.9773
1770.003662109375,1881.5073,1826.696044921875,1926.0922,1740.3319091796875,1881.455,1786.634521484375,1880.6924
1786.532958984375,1908.2705,1839.3630371093752,1951.3505,1781.473876953125,1905.531,1821.881103515625,1905.3713
1822.175537109375,1912.2638,1856.44384765625,1953.662,1785.902099609375,1907.5946,1792.864990234375,1908.3613
1792.4461669921875,1918.2822,1827.4822998046877,1958.8939,1747.726806640625,1913.2263,1798.851806640625,1913.8531
1798.9122314453125,1903.134,1842.0330810546875,1943.6334,1782.28125,1897.851,1799.1756591796875,1898.4313
1799.2091064453125,1918.7301,1816.68994140625,1960.5217,1736.1429443359375,1914.4651,1793.7753906250002,1913.8766
1794.0410156249998,1922.5876,1872.9395751953125,1964.8291,1793.1511230468752,1918.9908,1839.2215576171875,1917.7142
1839.1748046875002,1941.207,1869.530029296875,1984.8362,1814.73046875,1937.9298,1842.7078857421875,1936.9823
1842.718139648437,1958.0361,1848.246826171875,2002.451,1812.815673828125,1954.2638,1833.8397216796875,1954.8774
1833.647216796875,1957.8043,1849.99853515625,2002.2526,1804.4951171875,1953.8695,1808.59423828125,1956.1841
1808.7049560546875,1948.1906,1832.05078125,1992.1716,1783.3148193359375,1944.6523,1819.697509765625,1947.5796
1819.7340087890627,1943.7902,1820.796630859375,1988.2249,1753.3154296875,1940.5117,1815.0875244140625,1944.5991
1815.018920898437,1878.7697,1849.658447265625,1923.1143,1788.6873779296875,1875.1593,1811.606689453125,1881.146
1811.54638671875,1811.5206,2222.20556640625,1861.8112,1809.4569091796875,1805.5238,2206.5146484375,1813.693
2206.128173828125,2026.8191,2486.0068359375,2088.732,2186.054443359375,2023.4722,2345.50732421875,2023.6313
2345.760498046875,2286.569,2597.54345703125,2354.1963,2320.235107421875,2282.384,2582.422607421875,2273.6724
2582.71044921875,2510.9758,2603.264404296875,2576.5747,2441.730712890625,2503.1794,2510.23779296875,2487.3208
2510.289306640625,2612.7957,2620.897216796875,2670.7532,2411.594482421875,2598.7957,2496.397705078125,2580.6814
2496.33740234375,2617.707,2736.89013671875,2668.1501,2418.32568359375,2597.2996,2680.129638671875,2579.7996
2680.2622070312495,2644.1284,2721.949951171875,2691.4243,2549.68505859375,2620.4558,2610.063232421875,2601.4092
2610.02783203125,2665.232,2645.07421875,2710.8286,2482.212890625,2640.441,2546.85693359375,2619.5715
2547.058349609375,2638.015,2645.60791015625,2682.1277,2532.027099609375,2612.524,2536.297607421875,2591.6262
2536.297607421875,2627.177,2537.7817382812505,2672.116,2449.0693359375,2603.2678,2475.75439453125,2581.858
2475.7695312499995,2600.9014,2585.697021484375,2647.526,2344.668212890625,2576.7966,2498.2336425781255,2560.6965
2498.800048828125,2581.8335,2545.4611816406245,2630.3467,2353.427001953125,2557.8533,2529.166748046875,2545.0002
2529.135009765625,2583.1873,2585.619873046875,2634.9734,2446.44677734375,2558.9275,2524.173095703125,2549.7695
2524.1591796875,2608.319,2614.0607910156245,2662.9954,2454.537841796875,2584.8508,2552.34716796875,2576.723
2552.766845703125,2630.5645,2691.102294921875,2688.1064,2546.434814453125,2606.7952,2664.156982421875,2599.981
2664.08203125,2664.3,2731.220703125,2724.3691,2504.87353515625,2639.7942,2526.4418945312505,2634.521
2526.387939453125,2627.6475,2575.13134765625,2688.4004,2516.01806640625,2600.802,2530.646240234375,2599.071
2530.89013671875,2578.1829,2553.869140625,2638.3923,2467.8801269531255,2552.3608,2551.763916015625,2551.2368
2551.380859375,2590.6274,2598.566650390625,2652.0444,2530.321533203125,2567.6313,2564.138427734375,2565.1858
2564.140869140625,2628.0012,2712.28515625,2689.8862,2512.588623046875,2607.6123,2663.06982421875,2603.462
2663.0102539062505,2638.968,2688.7421875000005,2700.7002,2611.160888671875,2618.4163,2682.212890625,2614.6624
2681.84326171875,2708.197,2784.75244140625,2769.3916,2620.982666015625,2686.5261,2632.65478515625,2682.9297
2632.8359374999995,2745.483,2648.2607421875,2805.6284,2510.163818359375,2720.6426,2529.943603515625,2719.4592
2529.833984375,2686.532,2550.483642578125,2744.317,2484.215576171875,2658.2551,2529.08740234375,2661.2698
2529.0966796875,2659.1013,2547.77294921875,2714.9482,2472.540771484375,2628.906,2536.266357421875,2635.1296
2536.184814453125,2636.9998,2615.515625,2691.0396,2477.292724609375,2606.2263,2607.0974121093755,2614.4978
2607.197509765625,2651.8809,2652.418701171875,2705.9514,2582.25048828125,2620.486,2593.2802734375,2631.1157
2593.482666015625,2672.1335,2677.970458984375,2726.8826,2585.73779296875,2641.3826,2608.6430664062495,2652.0442
2608.607177734375,2685.9219,2640.60400390625,2740.8372,2395.753662109375,2654.6912,2416.28564453125,2666.575
2416.455078125,2552.8762,2530.391845703125,2607.6792,2387.608642578125,2519.9675,2477.19482421875,2536.9897
2477.183349609375,2537.3354,2543.048828125,2595.4473,2459.13720703125,2505.1196,2526.50537109375,2523.837
2526.193359375,2582.67,2547.467041015625,2641.5774,2493.920166015625,2552.416,2510.787109375,2569.1318
2510.838134765625,2605.4487,2693.806640625,2662.403,2479.867919921875,2574.7795,2681.51708984375,2592.432
2681.285400390625,2675.299,2824.80810546875,2732.014,2658.67724609375,2643.502,2813.517578125,2661.6445
2813.73974609375,2757.5493,2877.62939453125,2816.1294,2746.4599609375,2723.485,2773.529296875,2741.3953
2773.5979003906245,2810.5005,2784.2626953125,2870.041,2619.966552734375,2773.4775,2651.795166015625,2791.6406
2651.91552734375,2784.2825,2651.91552734375,2842.6133,2443.962646484375,2744.095,2579.4860839843745,2764.1816
2579.721435546875,2703.9553,2580.1582031250005,2763.2761,2491.49072265625,2661.3616,2533.4440917968745,2684.1091
2533.183349609375,2654.6802,2558.677734375,2713.6821,2493.2045898437495,2613.156,2546.837158203125,2635.211
2547.226806640625,2632.0862,2680.087646484375,2690.9346,2517.145263671875,2592.5798,2540.60498046875,2614.1323
2540.314453125,2606.814,2617.9013671874995,2666.0986,2456.64892578125,2569.169,2510.761474609375,2590.0618
2510.81689453125,2578.108,2546.62744140625,2638.5078,2469.05029296875,2542.436,2524.301513671875,2562.263
2524.4040527343755,2568.9187,2546.76953125,2629.9512,2486.1018066406255,2535.387,2521.653564453125,2553.759
2521.5263671875,2621.6633,2569.0146484374995,2681.4402,2371.4743652343745,2589.4622,2407.30419921875,2606.3967
2407.34765625,2562.1682,2448.41162109375,2618.9768,2222.8125,2527.5557,2300.49560546875,2549.5886
2298.8427734375,2445.1965,2313.85302734375,2499.931,2116.681396484375,2409.5564,2228.213134765625,2436.6462
2228.484619140625,2324.9653,2434.23974609375,2381.888,2191.418212890625,2290.019,2421.824951171875,2320.614
2421.83056640625,2323.2822,2481.222900390625,2385.2173,2379.5693359375,2290.0679,2448.0087890625,2321.0344
2448.7373046875,2366.795,2468.6779785156245,2431.7537,2394.607421875,2337.3396,2419.310302734375,2363.149
2419.15478515625,2417.3252,2519.619873046875,2481.9646,2399.533935546875,2390.2605,2416.146728515625,2411.3438
2416.023193359375,2466.5005,2463.15478515625,2528.822,2386.324951171875,2439.5632,2423.866943359375,2458.5442
2423.92529296875,2497.4915,2448.191650390625,2555.569,2407.76171875,2469.2698,2437.109375,2488.0093
2437.11474609375,2519.855,2523.320556640625,2572.3015,2417.6252441406255,2490.5212,2500.9599609375,2509.0945
2500.60546875,2540.336,2521.720458984375,2587.8564,2438.054931640625,2509.7632,2486.46435546875,2528.3823
2486.428466796875,2538.0515,2500.591796875,2582.829,2389.81591796875,2504.8865,2405.792724609375,2526.9268
2405.857421875,2498.6035,2616.78369140625,2542.1377,2378.3935546875,2463.8137,2571.33544921875,2489.2292
2570.796630859375,2533.4517,2635.192138671875,2579.5066,2558.58251953125,2497.014,2591.00732421875,2525.284
2590.8457031249995,2598.921,2601.11962890625,2647.315,2475.7548828125,2560.857,2508.518310546875,2590.3733
2508.095947265625,2625.14,2529.84228515625,2673.7327,2489.00244140625,2585.5178,2517.280029296875,2616.0579
2517.280029296875,2653.0657,2603.064697265625,2700.0479,2505.370849609375,2612.5,2571.236572265625,2643.441
2571.395263671875,2691.8596,2589.324951171875,2737.3271,2517.903564453125,2649.941,2543.01318359375,2681.9265
2542.97265625,2638.7664,2626.6645507812495,2683.0105,2525.4377441406255,2594.786,2615.505859375,2630.29
2615.5058593749995,2631.8562,2794.5185546875,2678.0234,2591.947021484375,2588.115,2770.7775878906255,2624.1062
2770.7373046875,2719.1948,2995.152099609375,2770.1409,2757.2666015625005,2675.7554,2954.84521484375,2710.2183
2954.832763671875,2865.1704,3038.14111328125,2921.3171,2916.95654296875,2820.5002,2957.88623046875,2852.686
2958.333740234375,2975.1836,2979.780029296875,3034.5269,2907.193603515625,2927.6284,2942.91162109375,2958.3599
2942.853515625,3033.9702,3016.3935546875,3091.1394,2938.736572265625,2982.8965,2973.35888671875,3013.6572
2973.22509765625,3054.286,3079.985595703125,3108.4585,2965.32373046875,3000.459,3013.350830078125,3031.669
3013.29345703125,3058.5715,3142.42724609375,3113.834,2934.371337890625,3002.366,3139.8896484375,3034.4187
3139.8896484375005,3117.7983,3422.60302734375,3176.7925,3102.477783203125,3060.7925,3371.5068359374995,3090.552
3371.5068359375,3227.0588,3521.685302734375,3291.308,3315.9990234375,3168.6907,3476.7844238281245,3195.1736
3476.1240234375,3360.683,3674.8552246093745,3429.9592,3463.38623046875,3300.1812,3549.0163574218755,3323.3135
3548.926025390625,3492.305,3608.275634765625,3566.5273,3512.97314453125,3428.4692,3595.273681640625,3448.4045
3595.2404785156255,3609.1965,3819.398681640625,3681.0503,3582.349609375,3542.0552,3759.471435546875,3559.2173
3758.920654296875,3685.1633,3856.76708984375,3755.3882,3705.353759765625,3613.1475,3763.371337890625,3630.7056
3762.882080078125,3758.819,3798.100341796875,3828.6125,3624.140380859375,3682.3552,3749.1455078125,3700.8843
3749.238525390625,3759.7136,3765.0263671874995,3829.3618,3532.8564453125,3680.6416,3629.70361328125,3699.5981
3629.731689453125,3677.8914,3771.3815917968755,3746.909,3514.999267578125,3596.958,3708.005615234375,3618.245
3708.005615234375,3651.0642,3744.820068359375,3723.1753,3579.962890625,3569.8528,3727.266845703125,3593.1272
3727.2373046874995,3674.2668,3789.789794921875,3751.049,3702.774169921875,3593.951,3741.3959960937495,3617.5562
3741.25732421875,3764.0762,3876.93359375,3841.8506,3733.681640625,3684.2195,3875.24658203125,3707.2422
3875.255859375,3855.7307,3940.652099609375,3932.3838,3756.515869140625,3774.269,3787.42578125,3798.3958
3788.319580078125,3868.4941,3883.997802734375,3943.2598,3716.8833007812505,3782.1763,3793.454833984375,3812.648
3793.5825195312505,3849.0266,3832.884033203125,3923.4387,3683.14453125,3760.9048,3808.20166015625,3794.2397
3808.24609375,3827.9683,3877.47021484375,3902.8384,3685.004150390625,3737.2837,3696.707763671875,3775.334
3696.144287109375,3766.99,3722.585693359375,3842.4185,3432.3798828125,3674.8762,3488.365966796875,3717.2805
3487.956787109375,3589.4482,3535.558837890625,3666.9236,3370.943115234375,3496.168,3392.7412109375,3545.1306
3392.744384765625,3470.7378,3520.831298828125,3551.836,3357.93896484375,3380.4612,3497.379150390625,3431.0703
3497.613037109375,3456.0657,3734.9775390625,3539.284,3491.554931640625,3370.8328,3718.986083984375,3418.6929
3719.81787109375,3594.1865,3720.656494140625,3680.2188,3547.62109375,3512.3706,3611.8994140625,3555.366
3612.038818359375,3658.7993,3698.124755859375,3742.6504,3567.0959472656245,3577.4646,3683.920654296875,3617.919
3684.06201171875,3727.1328,3926.2043457031245,3806.8743,3650.365966796875,3643.8323,3914.325927734375,3684.1296
3914.110595703125,3821.3552,4068.84765625,3899.126,3882.443115234375,3734.0227,4009.848876953125,3775.9414
4009.150634765625,3929.63,4323.76123046875,4007.2263,4007.709228515625,3837.1028,4263.59912109375,3880.918
4263.552734375,4091.609,4332.21044921875,4170.158,4163.9404296875,3993.6663,4254.2177734375,4037.6057
4254.2314453125,4200.8354,4362.0927734375,4277.2725,4168.875,4097.153,4226.966796875,4142.065
4227.20703125,4231.2305,4634.05517578125,4306.962,4222.3623046875,4120.349,4590.9248046875,4170.194
4590.65771484375,4334.06,4784.6689453125,4414.046,4566.23876953125,4218.883,4756.27587890625,4268.611
4756.04345703125,4486.3184,4788.5517578125,4571.978,4461.28173828125,4368.0674,4548.16650390625,4414.2773
4549.07568359375,4474.791,4667.72998046875,4563.49,4375.54541015625,4350.9463,4439.98876953125,4399.306
4439.998046875,4445.5312,4493.1494140625,4535.9067,4379.16455078125,4318.8906,4426.18017578125,4368.0728
4426.259765625,4458.4946,4575.87646484375,4546.134,4400.71337890625,4332.518,4473.271484375,4379.19
4473.33056640625,4467.1675,4484.009765625,4551.2236,4229.3798828125,4340.9404,4312.5048828125,4388.109
4312.5302734375,4332.4624,4355.0751953125,4415.3984,4070.535400390625,4204.282,4073.464111328125,4258.3413
4073.168212890625,4176.1123,4376.78955078125,4261.5806,4064.965087890625,4048.0752,4334.50048828125,4108.835
4334.5673828125,4161.2505,4338.826171875,4253.4443,4205.77685546875,4036.9233,4223.2099609375,4097.8423
4223.73095703125,4192.7856,4884.22802734375,4287.396,4209.47216796875,4071.369,4831.3486328125,4132.04
4831.08837890625,4342.767,4831.61083984375,4445.753,4669.72509765625,4220.762,4776.09033203125,4280.541
4776.70458984375,4571.372,4953.73291015625,4675.3237,4714.47265625,4447.3745,4779.6474609375,4504.1187
4779.76953125,4682.204,4796.35009765625,4782.9365,4343.947265625,4551.4263,4372.98779296875,4611.189
4372.88037109375,4513.131,4632.0732421875,4609.028,4316.30078125,4375.677,4600.4267578125,4443.839
4600.51025390625,4405.687,4659.9873046875,4502.35,4489.2978515625,4268.072,4503.39306640625,4337.334
4503.63134765625,4389.3687,4629.03125,4487.543,4435.109375,4254.5034,4507.177734375,4321.092
4507.63134765625,4437.261,4513.859375,4534.787,4272.45947265625,4303.8813,4360.15283203125,4368.761
4360.0888671875,4382.658,4413.27490234375,4477.6987,4264.1953125,4248.953,4374.1533203125,4316.199
4374.8935546875,4370.3,4497.1767578125,4461.6636,4373.5966796875,4236.813,4390.01904296875,4305.8926
4389.6259765625,4380.141,4490.3466796875,4468.46,4221.24755859375,4248.1675,4314.47021484375,4317.763
4314.39111328125,4362.9688,4414.93408203125,4448.5977,4260.45947265625,4227.3438,4325.36572265625,4304.8467
4324.6962890625,4358.799,4489.19873046875,4444.4897,4286.2060546875,4222.8286,4450.38916015625,4303.547
4450.2158203125,4377.6216,4483.451171875,4463.142,4268.5888671875,4240.0254,4298.744140625,4324.817
4298.8369140625,4371.312,4484.361328125,4456.223,4258.0498046875,4231.15,4306.98876953125,4321.6284
4306.97314453125,4234.5547,4327.43994140625,4319.085,4244.7548828125,4092.6218,4274.2421875,4189.573
4274.1669921875,4228.9023,4334.2744140625,4314.33,4271.5341796875,4089.325,4305.34765625,4186.37
4305.38134765625,4268.137,4381.27490234375,4352.0576,4279.97216796875,4131.309,4308.072265625,4226.2197
4308.283203125,4347.9756,4381.2265625,4431.146,4277.85302734375,4210.6885,4309.04150390625,4305.8335
4309.091796875,4279.702,4450.41796875,4359.072,4286.0625,4141.544,4349.14599609375,4238.7637
4349.2001953125,4288.675,4471.69873046875,4369.515,4339.716796875,4150.0566,4461.2333984375,4248.0483
4461.4794921875,4375.179,4734.27392578125,4457.4736,4453.28466796875,4235.363,4715.24609375,4332.844
4714.70361328125,4595.1133,4763.361328125,4679.9116,4609.12548828125,4452.426,4668.1796875,4547.0586
4668.17138671875,4685.477,4690.64208984375,4766.115,4581.84716796875,4537.7075,4609.59765625,4632.802
4609.72314453125,4660.3286,4670.5302734375,4735.085,4469.861328125,4507.2285,4526.8203125,4606.2295
4526.078125,4574.944,4537.599609375,4648.267,4428.330078125,4417.623,4503.564453125,4522.8716
4503.6357421875,4499.3247,4617.23486328125,4573.608,4429.64453125,4342.6406,4592.7333984375,4449.2334
4592.44287109375,4460.4126,4643.97265625,4539.0684,4556.27001953125,4305.8955,4589.9189453125,4411.8965
4589.505859375,4555.1587,4620.79296875,4637.9233,4443.2646484375,4402.3237,4470.9169921875,4505.713
4470.978515625,4517.6934,4509.81201171875,4599.161,4459.1591796875,4365.4707,4482.265625,4469.4644
4482.583984375,4520.1973,4499.38916015625,4599.682,4447.119140625,4368.0312,4451.3291015625,4473.4434
4451.58056640625,4494.3447,4457.08251953125,4570.9966,4092.396728515625,4342.229,4202.87744140625,4449.7793
4203.021484375,4264.54,4227.7314453125,4341.712,4120.8154296875,4110.304,4165.50390625,4226.4487
4165.41259765625,4160.9233,4206.90185546875,4242.6104,4081.34765625,4009.5503,4153.46923828125,4127.605
4153.52099609375,4109.074,4162.0625,4194.6494,3829.0107421875,3962.8225,3868.333984375,4078.5657
3868.69091796875,3893.034,4069.168701171875,3983.4558,3868.43359375,3749.3628,4035.887939453125,3867.923
4035.91455078125,3811.888,4038.45166015625,3909.3557,3975.758056640625,3674.1633,4018.658203125,3788.875
4018.65966796875,3878.4824,4143.00390625,3977.4019,3969.79296875,3747.5847,4141.4765625,3854.058
4141.3564453125,3992.016,4234.78271484375,4087.3306,4087.92724609375,3865.8027,4217.341796875,3963.6553
4217.05517578125,4080.501,4238.67138671875,4171.226,4095.443603515625,3955.0154,4145.95751953125,4048.3591
4146.03369140625,4082.8638,4351.1123046875,4167.664,4125.5419921875,3956.316,4351.1123046875,4048.3079
4352.24072265625,4113.3296,4517.6650390625,4196.1143,4336.5263671875,3985.246,4487.923828125,4076.333
4486.9345703125,4226.4434,4591.44384765625,4309.9937,4431.47900390625,4094.376,4514.87060546875,4186.746
4514.9091796875,4323.327,4519.52685546875,4406.9854,4444.0126953125,4188.479,4489.197265625,4279.092
4489.05322265625,4391.3804,4616.533203125,4469.8335,4472.138671875,4253.9653,4515.4228515625,4343.3545
4515.30078125,4401.27,4736.208984375,4477.283,4492.8701171875,4258.067,4687.771484375,4352.8975
4687.7099609375,4507.8833,4755.22021484375,4585.8228,4443.5712890625,4361.459,4451.15185546875,4456.7915
4451.10791015625,4436.246,4556.2216796875,4514.4414,4417.76806640625,4288.005,4527.64794921875,4384.806
4526.9609375,4403.398,4531.716796875,4482.7905,4273.5595703125,4254.874,4369.1435546875,4351.9756
4369.0654296875,4356.599,4395.57080078125,4437.7188,3460.222412109375,4207.8345,3843.0087890625,4306.5913
3840.96044921875,3918.7056,3882.241455078125,4004.5898,3652.7900390625,3768.7544,3750.611572265625,3878.6917
3750.946044921875,3684.4878,4195.3974609375,3781.689,3701.478271484375,3540.0603,4164.427734375,3652.08
4164.04931640625,3729.4854,4292.845703125,3839.385,4061.224609375,3595.1545,4245.4677734375,3697.695
4245.37255859375,3903.5378,4265.10546875,4018.7585,3895.9736328125,3777.8203,4125.412109375,3867.5564
4125.361328125,3924.1296,4213.85595703125,4038.1208,3935.1613769531245,3803.05,3987.45947265625,3884.668
3987.14892578125,3874.2483,4079.648193359375,3983.4202,3829.654052734375,3754.4543,3894.75439453125,3834.2776
3894.377685546875,3775.3535,3950.56689453125,3879.4082,3678.620361328125,3656.7947,3832.558837890625,3736.6968
3833.009521484375,3667.7566,3927.24560546875,3769.9543,3822.266357421875,3550.6313,3890.34619140625,3632.1262
3890.58349609375,3702.718,4029.35546875,3801.5188,3843.77294921875,3590.5925,3984.649658203125,3667.16
3984.6962890625005,3763.1855,4084.15966796875,3856.86,3911.726318359375,3653.7815,3980.76025390625,3727.2864
3980.740478515625,3790.8865,4109.533203125,3879.9597,3843.227783203125,3678.3442,3876.76416015625,3757.604
3877.3630371093745,3771.8494,3890.63232421875,3859.028,3718.0771484375,3657.2678,3808.122314453125,3740.286
3808.0849609375,3699.2725,3930.974853515625,3784.4094,3801.2414550781255,3582.596,3856.0263671875005,3670.1423
3856.033203125,3709.078,4002.561767578125,3793.5684,3849.724853515625,3593.0642,3934.5673828124995,3680.4297
3934.4899902343745,3828.152,3967.6455078125,3911.393,3914.640625,3711.6514,3953.470947265625,3798.1213
3953.437255859375,3929.6748,4177.310546875,4006.1582,3923.192626953125,3812.3328,4157.9892578125,3897.6914
4158.0107421875,3950.5798,4250.669921875,4021.1465,4099.56982421875,3830.0513,4120.1220703125,3918.5525
4120.27490234375,3953.8542,4173.50537109375,4023.423,3940.834228515625,3829.1477,3982.262451171875,3923.094
3980.759033203125,3911.8225,4036.35302734375,3982.1143,3849.538818359375,3786.1746,3903.35302734375,3881.7717
3903.322509765625,3869.4507,3948.22265625,3940.61,3681.909423828125,3743.4792,3804.375244140625,3840.6743
3805.082763671875,3789.7778,3900.580322265625,3862.2039,3797.669189453125,3663.8748,3847.080322265625,3763.464
3847.17138671875,3780.0576,3906.7802734375,3855.2236,3832.634765625,3654.9272,3874.18798828125,3755.2122
3873.894287109375,3814.7188,3914.8754882812495,3889.1018,3839.997314453125,3691.5972,3911.0632324218755,3790.0383
3911.747802734375,3827.2598,3912.63330078125,3898.9795,3560.263671875,3705.5986,3602.30810546875,3802.6887
3602.040771484375,3654.717,3652.687255859375,3726.084,3063.0869140625,3532.0068,3292.574462890625,3633.8591
3292.148193359375,3358.0837,3479.8095703125,3436.0315,3170.513916015625,3236.5535,3425.1711425781245,3343.1985
3425.361083984375,3282.4573,3454.3359375,3369.8281,3245.28173828125,3167.0117,3312.2578125,3269.8708
3312.029296875,3264.9336,3471.8049316406255,3356.3147,3195.896728515625,3156.545,3435.3010253906245,3252.728
3435.1474609375,3274.0002,3482.268310546875,3366.5771,3357.713134765625,3171.1902,3400.3759765625005,3260.6963
3400.0986328125,3317.7134,3616.43701171875,3406.817,3359.717529296875,3219.8013,3582.621337890625,3302.3115
3583.44482421875,3366.788,3656.14892578125,3450.9644,3508.9858398437505,3271.2205,3568.4599609375,3349.5183
3568.47265625,3412.7766,3644.5283203125,3492.7766,3404.86181640625,3317.509,3415.2822265625,3393.7996
3415.7958984375,3385.5383,3586.013916015625,3461.7578,3373.711669921875,3290.4097,3413.09423828125,3365.6064
3412.994873046875,3353.2354,3561.86083984375,3426.5908,3156.03076171875,3258.4531,3232.757080078125,3333.0808
3232.295166015625,3252.8096,3252.6608886718755,3325.867,3071.970703125,3156.0625,3103.78564453125,3235.736
3104.230224609375,3122.5413,3227.690185546875,3196.947,3104.230224609375,3023.597,3166.63134765625,3110.2466
3166.79345703125,3095.8923,3244.837646484375,3170.3386,3007.07275390625,3000.2893,3092.847412109375,3084.6948
3092.941650390625,3052.805,3218.13037109375,3126.4636,2957.3095703125,2960.9822,3024.538818359375,3042.6477
3024.4140625,3012.8228,3167.9326171875,3086.91,2948.329345703125,2923.1091,3122.97900390625,3004.0735
3122.64599609375,3034.6665,3122.64599609375,3110.302,2871.22802734375,2948.1472,3023.0708007812495,3024.9292
3022.885498046875,2981.8545,3057.78857421875,3056.5894,2790.597900390625,2896.717,2831.777587890625,2972.5237
2829.2646484375,2885.7397,2880.60302734375,2960.4937,2626.87158203125,2801.473,2765.69921875,2878.3218
2766.0905761718745,2740.8948,2795.4267578125,2817.8289,2704.502197265625,2657.7705,2767.607421875,2736.5632
2767.594970703125,2713.3386,2856.446533203125,2790.0989,2767.472900390625,2635.4722,2801.676025390625,2709.8298
2801.204345703125,2693.8455,2982.822021484375,2768.2166,2763.3779296875,2619.9949,2952.71337890625,2691.9116
2952.58447265625,2754.0059,2978.7043457031255,2828.0454,2857.8359375,2683.1982,2957.9362792968755,2751.7642
2958.32958984375,2834.29,3043.927001953125,2905.4346,2889.8906250000005,2766.6848,3027.81201171875,2829.2236
3027.799072265625,2907.779,3070.73193359375,2973.9229,2987.19775390625,2840.5393,3014.542236328125,2900.575
3014.543701171875,2973.7607,3095.0332031249995,3033.6157,2995.76513671875,2904.711,3032.304443359375,2965.3157
3032.29541015625,3016.1917,3051.962890625,3069.9658,2966.850830078125,2943.8223,2991.685302734375,3006.9897
2991.375244140625,2993.6782,3051.597900390625,3041.4473,2978.8261718749995,2918.0503,2992.112548828125,2985.6548
2991.923095703125,2986.2803,2996.8818359375,3030.5757,2720.4365234375,2908.182,2800.18896484375,2980.3289
2800.22314453125,2871.9106,3032.76123046875,2917.114,2784.390625,2789.965,2997.939697265625,2870.7178
2997.801513671875,2861.7058,3212.559814453125,2911.9014,2988.14208984375,2781.72,3191.57177734375,2861.0083
3188.343505859375,3000.75,3238.555419921875,3057.4321,3071.31005859375,2923.5454,3134.31640625,2997.1077
3134.357421875,3134.6597,3192.4570312500005,3192.8013,2989.8315429687495,3056.842,3024.432861328125,3127.1077
3024.487548828125,3134.1055,3067.661376953125,3189.6929,3013.98193359375,3053.8838,3040.207763671875,3124.1443
3040.17919921875,3112.4832,3148.7734375,3164.02,2930.645263671875,3031.1663,3061.3017578125005,3101.5522
3061.0136718749995,3075.2334,3177.86767578125,3124.9827,3043.703857421875,2993.9375,3125.197998046875,3064.5251
3124.942626953125,3062.4675,3395.8386230468745,3113.4802,3092.87646484375,2981.681,3321.114990234375,3052.336
3321.2041015625,3146.8276,3446.622802734375,3202.7388,3290.14697265625,3067.926,3325.39013671875,3134.8103
3324.38671875,3239.4797,3327.344482421875,3298.626,3149.034423828125,3161.5278,3237.056884765625,3224.2097
3237.0256347656245,3247.3652,3265.37255859375,3306.7783,3050.2673339843745,3167.051,3084.172607421875,3231.3457
3084.129638671875,3171.3936,3134.849365234375,3229.7158,3080.07861328125,3089.9163,3116.6953125,3155.8657
3116.743896484375,3149.3176,3128.622802734375,3205.881,3034.692626953125,3068.8467,3060.5947265625,3134.0928
3060.4814453125,3115.257,3175.1181640625,3170.0217,2899.685791015625,3036.1367,2964.18310546875,3100.954
2964.379638671875,3070.5596,2978.92138671875,3126.2017,2890.01171875,2992.1367,2964.180908203125,3058.0298
2964.01953125,2993.045,3025.8154296874995,3049.4172,2791.333984375,2916.8936,2831.403564453125,2982.0989
2831.48828125,2866.2695,2994.552734375,2924.56,2777.11962890625,2792.1821,2827.069091796875,2858.762
2827.410400390625,2815.4243,3014.6123046875,2878.5383,2811.3916015625,2744.7688,2977.970703125,2810.1567
2977.869140625,2899.5884,2992.31005859375,2967.0947,2967.838623046875,2832.1843,2977.5825195312505,2893.0825
2977.508544921875,2998.8977,3009.80712890625,3063.7651,2945.394775390625,2933.4963,3001.61376953125,2989.6738
3001.61279296875,3040.2385,3073.353759765625,3099.1794,2965.175048828125,2974.1628,3006.07373046875,3029.2693
3006.073974609375,3026.8662,3033.1962890625,3081.6501,2902.3330078125,2958.9424,2963.3740234375,3015.7322
2962.922607421875,2929.6768,2975.171142578125,2982.0522,2888.988037109375,2861.1267,2945.590576171875,2919.6885
2945.4230957031255,2890.409,2968.705078125,2943.0386,2891.10888671875,2823.264,2903.57958984375,2881.6462
2903.625,2896.482,2991.2199707031245,2949.137,2894.15380859375,2830.442,2925.74560546875,2888.7222
2925.7451171875,2941.4143,2957.3005371093745,2994.482,2917.271240234375,2876.312,2947.998291015625,2933.1582
2947.898193359375,2973.0757,2957.1386718750005,3023.958,2925.7453613281255,2907.9058,2948.568115234375,2964.7378
2948.55908203125,2995.455,3051.94189453125,3043.4353,2908.748046875,2928.8733,2934.538330078125,2987.4116
2934.416259765625,3006.6394,3002.8046875000005,3054.0337,2916.330078125,2937.182,2971.416748046875,2998.661
